State,Regional_Dev_Index
Uttar Pradesh,0.5647940067620407
Andhra Pradesh,0.534277665746719
Uttarakhand,0.5242607574523417
Maharashtra,0.5225099964646359
Bihar,0.5198156608932731
Delhi,0.5177267883784671
Karnataka,0.5014051666238865
Telangana,0.4977964074598274
Tamil Nadu,0.49550733773829
Kerala,0.48841851866237807
